{"description": "", "name": 51, "position": [730.8748168945312, 884.5326538085938, 924.1666259765625]}