{"description": "", "name": 52, "position": [1052.3450927734375, 1016.098876953125, 960.9877319335938]}