{"description": "", "name": 53, "position": [1062.2518310546875, 1011.0626831054688, 849.2372436523438]}