{"description": "", "name": 54, "position": [806.4325561523438, 792.3101806640625, 632.678955078125]}