{"description": "", "name": 55, "position": [664.6776123046875, 392.11993408203125, 580.4111938476562]}