{"description": "", "name": 56, "position": [602.321533203125, 383.77850341796875, 755.8176879882812]}