{"description": "", "name": 57, "position": [643.990234375, 708.2435913085938, 316.1158142089844]}