{"description": "", "name": 58, "position": [405.8957214355469, 413.3149108886719, 595.9229736328125]}