{"description": "", "name": 59, "position": [138.31954956054688, 307.66107177734375, 315.8362731933594]}