{"description": "", "name": 60, "position": [92.305908203125, 312.653076171875, 390.9984130859375]}