{"description": "", "name": 61, "position": [123.40892028808594, 143.97877502441406, 609.9911499023438]}