{"description": "", "name": 62, "position": [354.51123046875, 161.07135009765625, 737.4013671875]}