{"description": "", "name": 63, "position": [291.5239562988281, 174.07333374023438, 819.9039306640625]}