{"description": "", "name": 64, "position": [379.3248596191406, 85.55199432373047, 1069.1802978515625]}